frequency,attack-angle,chord-length,free-stream-velocity,suction-side-displacement-thickness,sound-level-decibels
16000,1.5,0.3048,71.3,0.00336729,106.582
12500,0.0,0.3048,39.6,0.00310138,109.619
10000,0.0,0.3048,31.7,0.00331266,108.265
3150,0.0,0.3048,31.7,0.00331266,119.135
4000,3.0,0.3048,39.6,0.00495741,116.792
630,0.0,0.3048,39.6,0.00310138,128.629
8000,1.5,0.3048,39.6,0.00392107,112.251
630,3.0,0.3048,71.3,0.00425727,129.354
4000,3.0,0.3048,31.7,0.00529514,115.608
6300,4.0,0.3048,71.3,0.00497773,116.165
8000,0.0,0.3048,55.5,0.00283081,116.476
5000,3.0,0.3048,71.3,0.00425727,118.134
400,3.0,0.3048,39.6,0.00495741,125.472
6300,0.0,0.3048,71.3,0.00266337,119.541
315,1.5,0.3048,39.6,0.00392107,121.851
2000,1.5,0.3048,39.6,0.00392107,122.101
2500,3.0,0.3048,55.5,0.00452492,122.439
1000,0.0,0.3048,31.7,0.00331266,127.365
800,3.0,0.3048,31.7,0.00529514,128.708
800,3.0,0.3048,55.5,0.00452492,129.949
400,3.0,0.3048,31.7,0.00529514,125.398
12500,4.0,0.3048,71.3,0.00497773,107.405
6300,0.0,0.3048,55.5,0.00283081,117.976
1000,3.0,0.3048,39.6,0.00495741,128.312
250,0.0,0.3048,39.6,0.00310138,119.319
1600,0.0,0.3048,31.7,0.00331266,122.365
3150,1.5,0.3048,71.3,0.00336729,123.392
400,1.5,0.3048,39.6,0.00392107,124.001
500,1.5,0.3048,39.6,0.00392107,126.661
2500,4.0,0.3048,39.6,0.00579636,120.233
10000,0.0,0.3048,71.3,0.00266337,115.391
5000,0.0,0.3048,31.7,0.00331266,115.645
400,4.0,0.3048,39.6,0.00579636,128.633
4000,0.0,0.3048,39.6,0.00310138,119.229
800,3.0,0.3048,39.6,0.00495741,129.552
500,3.0,0.3048,31.7,0.00529514,127.548
1600,4.0,0.3048,39.6,0.00579636,123.213
3150,4.0,0.3048,39.6,0.00579636,118.743
315,3.0,0.3048,39.6,0.00495741,123.312
6300,0.0,0.3048,39.6,0.00310138,116.229
315,0.0,0.3048,31.7,0.00331266,122.765
630,3.0,0.3048,31.7,0.00529514,128.698
8000,0.0,0.3048,31.7,0.00331266,110.515
400,3.0,0.3048,55.5,0.00452492,126.159
10000,0.0,0.3048,39.6,0.00310138,112.139
2500,0.0,0.3048,71.3,0.00266337,125.571
3150,3.0,0.3048,39.6,0.00495741,118.922
800,1.5,0.3048,71.3,0.00336729,127.122
1250,0.0,0.3048,39.6,0.00310138,125.499
1250,1.5,0.3048,71.3,0.00336729,125.872
12500,1.5,0.3048,71.3,0.00336729,109.222
5000,1.5,0.3048,39.6,0.00392107,116.241
2500,1.5,0.3048,71.3,0.00336729,124.512
16000,0.0,0.3048,71.3,0.00266337,108.721
1000,4.0,0.3048,71.3,0.00497773,131.015
1000,0.0,0.3048,55.5,0.00283081,126.966
5000,0.0,0.3048,55.5,0.00283081,119.606
800,3.0,0.3048,71.3,0.00425727,129.494
1250,3.0,0.3048,39.6,0.00495741,125.802
10000,3.0,0.3048,55.5,0.00452492,112.169
1600,4.0,0.3048,71.3,0.00497773,126.645
800,0.0,0.3048,31.7,0.00331266,129.235
1600,1.5,0.3048,39.6,0.00392107,122.211
5000,3.0,0.3048,31.7,0.00529514,113.858
800,4.0,0.3048,39.6,0.00579636,130.723
1250,3.0,0.3048,31.7,0.00529514,124.838
3150,0.0,0.3048,39.6,0.00310138,120.319
200,0.0,0.3048,31.7,0.00331266,117.195
5000,0.0,0.3048,71.3,0.00266337,121.301
4000,0.0,0.3048,31.7,0.00331266,118.145
2500,0.0,0.3048,39.6,0.00310138,121.399
2000,0.0,0.3048,55.5,0.00283081,126.616
4000,3.0,0.3048,55.5,0.00452492,118.689
250,4.0,0.3048,39.6,0.00579636,123.543
1250,4.0,0.3048,39.6,0.00579636,126.343
800,0.0,0.3048,39.6,0.00310138,129.099
6300,0.0,0.3048,31.7,0.00331266,113.775
5000,3.0,0.3048,55.5,0.00452492,117.309
500,4.0,0.3048,39.6,0.00579636,130.173
500,3.0,0.3048,71.3,0.00425727,128.454
4000,0.0,0.3048,71.3,0.00266337,123.061
2500,1.5,0.3048,39.6,0.00392107,120.981
12500,1.5,0.3048,39.6,0.00392107,106.111
2500,0.0,0.3048,55.5,0.00283081,124.106
8000,3.0,0.3048,71.3,0.00425727,114.634
1000,0.0,0.3048,39.6,0.00310138,127.899
6300,1.5,0.3048,39.6,0.00392107,114.751
2000,3.0,0.3048,31.7,0.00529514,120.088
4000,4.0,0.3048,39.6,0.00579636,115.863
1000,1.5,0.3048,39.6,0.00392107,127.581
400,4.0,0.3048,71.3,0.00497773,129.575
4000,0.0,0.3048,55.5,0.00283081,121.106
1250,1.5,0.3048,39.6,0.00392107,125.211
1600,0.0,0.3048,71.3,0.00266337,127.591
8000,3.0,0.3048,39.6,0.00495741,110.652
2000,3.0,0.3048,71.3,0.00425727,125.524
1000,3.0,0.3048,71.3,0.00425727,129.004
2500,4.0,0.3048,71.3,0.00497773,123.775
6300,3.0,0.3048,39.6,0.00495741,114.042
3150,0.0,0.3048,55.5,0.00283081,123.236
1600,0.0,0.3048,39.6,0.00310138,124.049
1000,4.0,0.3048,39.6,0.00579636,128.723
8000,1.5,0.3048,71.3,0.00336729,115.372
10000,1.5,0.3048,71.3,0.00336729,113.492
1600,3.0,0.3048,31.7,0.00529514,122.088
6300,3.0,0.3048,31.7,0.00529514,109.718
4000,3.0,0.3048,71.3,0.00425727,120.264
630,3.0,0.3048,39.6,0.00495741,129.292
3150,3.0,0.3048,55.5,0.00452492,120.189
12500,0.0,0.3048,71.3,0.00266337,112.241
12500,0.0,0.3048,55.5,0.00283081,111.076
2000,3.0,0.3048,55.5,0.00452492,123.069
2500,0.0,0.3048,31.7,0.00331266,120.755
315,3.0,0.3048,31.7,0.00529514,123.118
1000,1.5,0.3048,71.3,0.00336729,125.992
1600,3.0,0.3048,55.5,0.00452492,124.439
250,4.0,0.3048,71.3,0.00497773,126.395
10000,4.0,0.3048,71.3,0.00497773,110.905
5000,4.0,0.3048,71.3,0.00497773,117.785
8000,4.0,0.3048,71.3,0.00497773,113.665
3150,1.5,0.3048,39.6,0.00392107,119.111
800,0.0,0.3048,71.3,0.00266337,126.201
1600,0.0,0.3048,55.5,0.00283081,126.986
1250,0.0,0.3048,31.7,0.00331266,124.355
500,0.0,0.3048,55.5,0.00283081,126.416
2000,3.0,0.3048,39.6,0.00495741,120.532
800,4.0,0.3048,71.3,0.00497773,131.755
500,3.0,0.3048,55.5,0.00452492,128.179
1000,3.0,0.3048,31.7,0.00529514,126.838
1250,4.0,0.3048,71.3,0.00497773,129.395
3150,3.0,0.3048,71.3,0.00425727,121.514
1250,0.0,0.3048,71.3,0.00266337,125.951
10000,0.0,0.3048,55.5,0.00283081,113.076
2000,4.0,0.3048,71.3,0.00497773,124.395
8000,0.0,0.3048,71.3,0.00266337,117.151
10000,1.5,0.3048,39.6,0.00392107,108.991
200,0.0,0.3048,39.6,0.00310138,118.129
800,1.5,0.3048,39.6,0.00392107,128.831
2000,0.0,0.3048,31.7,0.00331266,122.375
10000,3.0,0.3048,71.3,0.00425727,110.224
1000,3.0,0.3048,55.5,0.00452492,129.329
630,4.0,0.3048,71.3,0.00497773,131.615
4000,4.0,0.3048,71.3,0.00497773,119.535
630,0.0,0.3048,55.5,0.00283081,127.696
2000,0.0,0.3048,39.6,0.00310138,123.689
5000,0.0,0.3048,39.6,0.00310138,117.789
1250,3.0,0.3048,55.5,0.00452492,127.329
400,0.0,0.3048,39.6,0.00310138,124.809
315,4.0,0.3048,71.3,0.00497773,128.175
3150,4.0,0.3048,71.3,0.00497773,121.775
2000,4.0,0.3048,39.6,0.00579636,120.963
250,0.0,0.3048,31.7,0.00331266,118.595
1250,0.0,0.3048,55.5,0.00283081,126.086
1000,0.0,0.3048,71.3,0.00266337,125.201
800,0.0,0.3048,55.5,0.00283081,128.086
2500,3.0,0.3048,71.3,0.00425727,124.024
500,3.0,0.3048,39.6,0.00495741,127.632
2500,3.0,0.3048,31.7,0.00529514,119.598
4000,1.5,0.3048,71.3,0.00336729,121.762
500,0.0,0.3048,39.6,0.00310138,126.959
4000,1.5,0.3048,39.6,0.00392107,117.741
6300,1.5,0.3048,71.3,0.00336729,118.122
630,4.0,0.3048,39.6,0.00579636,131.073
1600,3.0,0.3048,39.6,0.00495741,122.782
5000,3.0,0.3048,39.6,0.00495741,115.792
3150,0.0,0.3048,71.3,0.00266337,125.201
8000,0.0,0.3048,39.6,0.00310138,114.779
8000,3.0,0.3048,55.5,0.00452492,113.799
2500,3.0,0.3048,39.6,0.00495741,120.162
315,4.0,0.3048,39.6,0.00579636,126.843
400,0.0,0.3048,31.7,0.00331266,125.045
630,0.0,0.3048,31.7,0.00331266,129.095
500,0.0,0.3048,31.7,0.00331266,127.315
3150,3.0,0.3048,31.7,0.00529514,118.108
630,1.5,0.3048,39.6,0.00392107,128.311
1600,1.5,0.3048,71.3,0.00336729,126.632
5000,1.5,0.3048,71.3,0.00336729,119.632
6300,3.0,0.3048,71.3,0.00425727,116.134
6300,3.0,0.3048,55.5,0.00452492,115.679
400,3.0,0.3048,71.3,0.00425727,127.564
630,3.0,0.3048,55.5,0.00452492,129.569
315,0.0,0.3048,39.6,0.00310138,122.779
2000,1.5,0.3048,71.3,0.00336729,126.642
1250,3.0,0.3048,71.3,0.00425727,127.634
500,4.0,0.3048,71.3,0.00497773,130.715
2000,0.0,0.3048,71.3,0.00266337,127.461
1600,3.0,0.3048,71.3,0.00425727,126.514
400,2.0,0.2286,39.6,0.00346574,122.147
1600,2.0,0.2286,31.7,0.00372371,125.797
500,4.0,0.2286,71.3,0.00400603,126.758
800,4.0,0.2286,71.3,0.00400603,130.688
4000,4.0,0.2286,71.3,0.00400603,121.728
6300,5.3,0.2286,71.3,0.0051942,116.92
4000,0.0,0.2286,55.5,0.00229336,123.41
630,4.0,0.2286,39.6,0.00473801,129.579
5000,4.0,0.2286,31.7,0.00509068,115.969
800,4.0,0.2286,55.5,0.0042862,131.864
400,2.0,0.2286,31.7,0.00372371,123.417
5000,2.0,0.2286,71.3,0.00293031,122.816
800,4.0,0.2286,31.7,0.00509068,130.869
2500,0.0,0.2286,31.7,0.0027238,123.445
3150,2.0,0.2286,39.6,0.00346574,121.627
10000,2.0,0.2286,71.3,0.00293031,113.086
6300,0.0,0.2286,71.3,0.00214345,122.044
315,2.0,0.2286,31.7,0.00372371,120.147
1250,4.0,0.2286,31.7,0.00509068,128.119
2000,0.0,0.2286,31.7,0.0027238,123.455
1250,0.0,0.2286,71.3,0.00214345,128.144
1600,2.0,0.2286,55.5,0.00313525,126.752
800,0.0,0.2286,55.5,0.00229336,127.53
1600,4.0,0.2286,55.5,0.0042862,128.264
1600,4.0,0.2286,31.7,0.00509068,125.229
5000,2.0,0.2286,55.5,0.00313525,120.472
5000,4.0,0.3048,39.6,0.00579636,113.733
800,0.0,0.2286,31.7,0.0027238,130.725
1000,2.0,0.2286,31.7,0.00372371,130.307
6300,0.0,0.2286,39.6,0.00253511,117.465
5000,4.0,0.2286,55.5,0.0042862,120.034
1250,0.0,0.2286,39.6,0.00253511,129.395
315,4.0,0.2286,39.6,0.00473801,122.229
400,0.0,0.2286,31.7,0.0027238,123.635
630,4.0,0.2286,71.3,0.00400603,129.038
500,4.0,0.2286,39.6,0.00473801,127.039
1600,5.3,0.2286,71.3,0.0051942,130.46
3150,2.0,0.2286,71.3,0.00293031,126.116
1600,2.0,0.2286,39.6,0.00346574,125.837
1600,0.0,0.2286,71.3,0.00214345,129.134
5000,2.0,0.2286,39.6,0.00346574,118.827
800,2.0,0.2286,55.5,0.00313525,128.492
3150,4.0,0.2286,31.7,0.00509068,120.229
400,2.0,0.2286,55.5,0.00313525,122.292
5000,2.0,0.2286,31.7,0.00372371,118.267
630,0.0,0.2286,39.6,0.00253511,128.705
2500,0.0,0.2286,55.5,0.00229336,126.54
500,2.0,0.2286,39.6,0.00346574,125.157
400,4.0,0.2286,31.7,0.00509068,126.149
1250,0.0,0.2286,31.7,0.0027238,128.805
1600,0.0,0.2286,31.7,0.0027238,125.625
630,2.0,0.2286,39.6,0.00346574,127.417
2000,0.0,0.2286,71.3,0.00214345,128.244
6300,2.0,0.2286,31.7,0.00372371,115.137
2000,2.0,0.2286,31.7,0.00372371,123.037
2500,2.0,0.2286,31.7,0.00372371,121.407
315,0.0,0.2286,31.7,0.0027238,120.595
1000,0.0,0.2286,55.5,0.00229336,128.29
3150,4.0,0.2286,55.5,0.0042862,122.394
630,0.0,0.2286,55.5,0.00229336,126.16
400,4.0,0.2286,55.5,0.0042862,123.274
4000,0.0,0.2286,71.3,0.00214345,125.824
4000,2.0,0.2286,55.5,0.00313525,122.232
400,0.0,0.2286,39.6,0.00253511,123.565
1250,4.0,0.2286,39.6,0.00473801,128.339
315,4.0,0.2286,31.7,0.00509068,123.609
2500,2.0,0.2286,55.5,0.00313525,123.862
800,4.0,0.2286,39.6,0.00473801,130.469
1250,5.3,0.2286,71.3,0.0051942,133.38
2500,4.0,0.2286,39.6,0.00473801,119.649
1000,4.0,0.2286,31.7,0.00509068,129.869
2000,5.3,0.2286,71.3,0.0051942,125.89
5000,0.0,0.2286,39.6,0.00253511,122.175
500,5.3,0.2286,71.3,0.0051942,129.88
1250,2.0,0.2286,55.5,0.00313525,128.762
800,2.0,0.2286,31.7,0.00372371,130.307
2500,4.0,0.2286,55.5,0.0042862,122.384
400,0.0,0.2286,55.5,0.00229336,121.66
16000,4.0,0.2286,71.3,0.00400603,112.768
500,4.0,0.2286,55.5,0.0042862,127.314
1250,2.0,0.2286,31.7,0.00372371,128.677
630,2.0,0.2286,71.3,0.00293031,127.356
2000,4.0,0.2286,55.5,0.0042862,124.254
8000,0.0,0.2286,71.3,0.00214345,118.024
1250,0.0,0.2286,55.5,0.00229336,127.91
400,5.3,0.2286,71.3,0.0051942,127.7
500,0.0,0.2286,55.5,0.00229336,123.78
1000,2.0,0.2286,39.6,0.00346574,129.147
500,0.0,0.2286,31.7,0.0027238,126.675
4000,2.0,0.2286,31.7,0.00372371,120.527
4000,4.0,0.2286,39.6,0.00473801,119.159
8000,4.0,0.2286,71.3,0.00400603,112.848
6300,0.0,0.2286,55.5,0.00229336,118.41
2000,2.0,0.2286,71.3,0.00293031,126.896
2500,2.0,0.2286,39.6,0.00346574,121.397
3150,0.0,0.2286,39.6,0.00253511,124.625
3150,0.0,0.2286,31.7,0.0027238,123.445
2000,2.0,0.2286,39.6,0.00346574,122.797
400,4.0,0.2286,39.6,0.00473801,123.879
2500,5.3,0.2286,71.3,0.0051942,123.74
8000,5.3,0.2286,71.3,0.0051942,114.9
315,0.0,0.2286,39.6,0.00253511,121.055
630,2.0,0.2286,31.7,0.00372371,129.057
3150,4.0,0.2286,71.3,0.00400603,124.108
6300,4.0,0.2286,31.7,0.00509068,112.699
630,4.0,0.2286,31.7,0.00509068,130.349
1000,0.0,0.2286,39.6,0.00253511,130.435
6300,2.0,0.2286,71.3,0.00293031,120.786
2000,4.0,0.2286,39.6,0.00473801,121.659
800,2.0,0.2286,71.3,0.00293031,128.216
6300,4.0,0.2286,71.3,0.00400603,118.618
20000,0.0,0.2286,71.3,0.00214345,114.474
500,0.0,0.2286,39.6,0.00253511,126.195
1000,4.0,0.2286,39.6,0.00473801,129.969
6300,0.0,0.2286,31.7,0.0027238,116.815
1000,5.3,0.2286,71.3,0.0051942,134.0
5000,4.0,0.2286,39.6,0.00473801,117.649
5000,0.0,0.2286,31.7,0.0027238,120.505
3150,0.0,0.2286,55.5,0.00229336,125.16
500,2.0,0.2286,71.3,0.00293031,126.486
6300,2.0,0.2286,55.5,0.00313525,118.712
1250,4.0,0.2286,55.5,0.0042862,131.264
5000,5.3,0.2286,71.3,0.0051942,118.05
1600,0.0,0.2286,39.6,0.00253511,127.095
4000,2.0,0.2286,39.6,0.00346574,120.227
2000,0.0,0.2286,39.6,0.00253511,125.305
3150,2.0,0.2286,55.5,0.00313525,123.742
2500,0.0,0.2286,39.6,0.00253511,125.025
630,4.0,0.2286,55.5,0.0042862,129.964
8000,2.0,0.2286,71.3,0.00293031,115.996
5000,4.0,0.2286,71.3,0.00400603,121.118
8000,4.0,0.2286,39.6,0.00473801,113.129
1000,2.0,0.2286,55.5,0.00313525,129.002
3150,4.0,0.2286,39.6,0.00473801,120.419
2500,4.0,0.2286,71.3,0.00400603,124.338
500,4.0,0.2286,31.7,0.00509068,128.939
630,5.3,0.2286,71.3,0.0051942,131.8
800,5.3,0.2286,71.3,0.0051942,133.48
500,2.0,0.2286,31.7,0.00372371,126.677
1600,4.0,0.2286,39.6,0.00473801,125.319
3150,5.3,0.2286,71.3,0.0051942,123.12
400,2.0,0.2286,71.3,0.00293031,125.116
6300,4.0,0.2286,55.5,0.0042862,117.154
12500,0.0,0.2286,71.3,0.00214345,117.624
4000,5.3,0.2286,71.3,0.0051942,120.33
20000,4.0,0.2286,71.3,0.00400603,109.638
1000,0.0,0.2286,31.7,0.0027238,130.595
2500,2.0,0.2286,71.3,0.00293031,127.006
10000,4.0,0.2286,71.3,0.00400603,113.108
500,2.0,0.2286,55.5,0.00313525,124.692
3150,0.0,0.2286,71.3,0.00214345,127.834
1000,2.0,0.2286,71.3,0.00293031,128.956
1000,4.0,0.2286,71.3,0.00400603,131.708
4000,4.0,0.2286,55.5,0.0042862,120.654
4000,2.0,0.2286,71.3,0.00293031,124.086
800,2.0,0.2286,39.6,0.00346574,129.037
2500,4.0,0.2286,31.7,0.00509068,120.209
315,0.0,0.2286,55.5,0.00229336,119.54
1250,2.0,0.2286,71.3,0.00293031,128.816
4000,0.0,0.2286,39.6,0.00253511,123.465
5000,0.0,0.2286,71.3,0.00214345,124.304
800,0.0,0.2286,39.6,0.00253511,130.205
1600,0.0,0.2286,55.5,0.00229336,126.79
2000,0.0,0.2286,55.5,0.00229336,126.54
6300,2.0,0.2286,39.6,0.00346574,116.417
1600,4.0,0.2286,71.3,0.00400603,129.468
16000,0.0,0.2286,71.3,0.00214345,114.984
250,4.0,0.2286,31.7,0.00509068,120.189
2500,0.0,0.2286,71.3,0.00214345,128.354
1000,4.0,0.2286,55.5,0.0042862,132.134
10000,0.0,0.2286,71.3,0.00214345,118.134
315,2.0,0.2286,39.6,0.00346574,120.137
3150,2.0,0.2286,31.7,0.00372371,121.527
12500,4.0,0.2286,71.3,0.00400603,114.258
4000,0.0,0.2286,31.7,0.0027238,122.035
6300,4.0,0.2286,39.6,0.00473801,114.249
630,0.0,0.2286,31.7,0.0027238,129.465
1600,2.0,0.2286,71.3,0.00293031,127.796
2000,2.0,0.2286,55.5,0.00313525,124.612
1250,2.0,0.2286,39.6,0.00346574,128.257
2000,4.0,0.2286,71.3,0.00400603,126.218
630,2.0,0.2286,55.5,0.00313525,126.842
1250,4.0,0.2286,71.3,0.00400603,131.718
5000,0.0,0.2286,55.5,0.00229336,122.41
8000,4.0,0.2286,55.5,0.0042862,112.524
4000,4.0,0.2286,31.7,0.00509068,118.859
2000,4.0,0.2286,31.7,0.00509068,122.089
800,7.3,0.2286,39.6,0.0123481,126.299
1000,7.3,0.2286,71.3,0.0104404,126.838
5000,5.3,0.2286,39.6,0.00614329,115.311
5000,0.0,0.1524,71.3,0.0015988,126.457
630,0.0,0.1524,55.5,0.00172668,123.583
12500,2.7,0.1524,71.3,0.00243851,113.034
1250,0.0,0.1524,55.5,0.00172668,129.953
250,5.3,0.2286,39.6,0.00614329,127.011
1250,7.3,0.2286,71.3,0.0104404,127.358
500,7.3,0.2286,55.5,0.0111706,133.174
3150,0.0,0.1524,71.3,0.0015988,129.377
6300,0.0,0.1524,39.6,0.00193287,121.313
500,5.3,0.2286,39.6,0.00614329,132.251
630,2.7,0.1524,39.6,0.00294804,125.809
4000,0.0,0.1524,71.3,0.0015988,128.857
1250,2.7,0.1524,39.6,0.00294804,130.829
5000,2.7,0.1524,71.3,0.00243851,124.364
630,5.3,0.2286,39.6,0.00614329,132.011
3150,7.3,0.2286,55.5,0.0111706,117.134
400,7.3,0.2286,39.6,0.0123481,132.039
16000,0.0,0.1524,55.5,0.00172668,112.803
800,0.0,0.1524,31.7,0.00209405,129.117
3150,2.7,0.1524,39.6,0.00294804,122.919
800,2.7,0.1524,71.3,0.00243851,127.394
1000,7.3,0.2286,39.6,0.0123481,122.539
800,0.0,0.1524,39.6,0.00193287,127.903
1000,0.0,0.1524,31.7,0.00209405,130.987
500,5.4,0.1524,71.3,0.00401199,126.291
1600,7.3,0.2286,71.3,0.0104404,125.728
200,7.3,0.2286,39.6,0.0123481,130.989
2500,7.3,0.2286,31.7,0.0132672,114.709
16000,2.7,0.1524,71.3,0.00243851,110.364
3150,2.7,0.1524,71.3,0.00243851,127.054
5000,0.0,0.1524,55.5,0.00172668,125.203
1600,5.4,0.1524,71.3,0.00401199,133.241
6300,2.7,0.1524,39.6,0.00294804,119.209
1000,5.4,0.1524,71.3,0.00401199,133.201
800,5.4,0.1524,55.5,0.00433288,133.097
1600,7.3,0.2286,31.7,0.0132672,119.039
200,7.3,0.2286,71.3,0.0104404,138.758
8000,0.0,0.1524,71.3,0.0015988,122.527
5000,0.0,0.1524,31.7,0.00209405,122.397
315,7.3,0.2286,71.3,0.0104404,139.808
1250,2.7,0.1524,71.3,0.00243851,130.144
250,7.3,0.2286,39.6,0.0123481,131.889
630,7.3,0.2286,39.6,0.0123481,128.929
1000,0.0,0.1524,39.6,0.00193287,130.033
400,5.4,0.1524,71.3,0.00401199,124.121
10000,5.3,0.2286,71.3,0.0051942,111.35
6300,2.7,0.1524,71.3,0.00243851,121.944
2500,0.0,0.1524,55.5,0.00172668,127.763
1250,5.4,0.1524,71.3,0.00401199,134.111
4000,5.4,0.1524,71.3,0.00401199,121.431
2000,7.3,0.2286,31.7,0.0132672,115.309
500,0.0,0.1524,55.5,0.00172668,120.573
800,7.3,0.2286,71.3,0.0104404,130.748
400,7.3,0.2286,31.7,0.0132672,130.269
4000,0.0,0.1524,39.6,0.00193287,125.343
250,7.3,0.2286,71.3,0.0104404,139.918
400,7.3,0.2286,55.5,0.0111706,135.924
8000,0.0,0.1524,39.6,0.00193287,120.553
800,5.3,0.2286,39.6,0.00614329,129.491
400,7.3,0.2286,71.3,0.0104404,139.438
250,7.3,0.2286,31.7,0.0132672,130.089
6300,0.0,0.1524,31.7,0.00209405,119.737
3150,5.3,0.2286,39.6,0.00614329,118.441
200,7.3,0.2286,31.7,0.0132672,128.679
6300,7.3,0.2286,55.5,0.0111706,111.534
800,2.7,0.1524,39.6,0.00294804,128.829
16000,0.0,0.1524,71.3,0.0015988,113.297
800,7.3,0.2286,55.5,0.0111706,128.444
2000,7.3,0.2286,39.6,0.0123481,117.809
630,2.7,0.1524,71.3,0.00243851,127.404
12500,2.7,0.1524,39.6,0.00294804,108.649
1250,5.4,0.1524,55.5,0.00433288,130.777
6300,7.3,0.2286,39.6,0.0123481,110.839
500,7.3,0.2286,31.7,0.0132672,128.169
1600,2.7,0.1524,39.6,0.00294804,130.049
6300,5.4,0.1524,71.3,0.00401199,116.411
250,7.3,0.2286,55.5,0.0111706,136.384
500,0.0,0.1524,31.7,0.00209405,121.617
10000,0.0,0.1524,39.6,0.00193287,115.413
2000,2.7,0.1524,39.6,0.00294804,128.139
315,5.3,0.2286,39.6,0.00614329,129.691
800,5.4,0.1524,71.3,0.00401199,131.281
4000,7.3,0.2286,31.7,0.0132672,112.639
315,7.3,0.2286,55.5,0.0111706,136.284
1600,7.3,0.2286,39.6,0.0123481,121.059
5000,7.3,0.2286,39.6,0.0123481,111.959
6300,5.3,0.2286,39.6,0.00614329,112.541
2500,5.3,0.2286,39.6,0.00614329,116.151
8000,2.7,0.1524,71.3,0.00243851,120.534
200,7.3,0.2286,55.5,0.0111706,135.234
400,5.3,0.2286,39.6,0.00614329,131.221
315,7.3,0.2286,31.7,0.0132672,130.239
4000,2.7,0.1524,71.3,0.00243851,126.534
3150,7.3,0.2286,71.3,0.0104404,120.458
2500,2.7,0.1524,71.3,0.00243851,128.334
3150,5.4,0.1524,71.3,0.00401199,123.311
800,0.0,0.1524,55.5,0.00172668,126.713
2000,7.3,0.2286,71.3,0.0104404,122.708
400,5.4,0.1524,55.5,0.00433288,126.807
500,7.3,0.2286,39.6,0.0123481,130.299
1250,0.0,0.1524,39.6,0.00193287,131.023
500,2.7,0.1524,39.6,0.00294804,121.009
5000,5.4,0.1524,71.3,0.00401199,120.061
500,0.0,0.1524,39.6,0.00193287,119.513
1000,7.3,0.2286,55.5,0.0111706,125.194
4000,7.3,0.2286,55.5,0.0111706,117.284
2500,7.3,0.2286,39.6,0.0123481,116.559
2500,2.7,0.1524,39.6,0.00294804,125.589
2000,5.3,0.2286,39.6,0.00614329,117.911
800,7.3,0.2286,31.7,0.0132672,123.209
1600,5.3,0.2286,39.6,0.00614329,123.081
1600,7.3,0.2286,55.5,0.0111706,123.354
8000,2.7,0.1524,39.6,0.00294804,116.659
630,7.3,0.2286,71.3,0.0104404,133.768
2500,7.3,0.2286,55.5,0.0111706,118.994
2000,0.0,0.1524,39.6,0.00193287,129.633
12500,0.0,0.1524,55.5,0.00172668,117.093
1000,2.7,0.1524,71.3,0.00243851,128.774
1250,7.3,0.2286,31.7,0.0132672,120.509
2000,7.3,0.2286,55.5,0.0111706,120.354
315,7.3,0.2286,39.6,0.0123481,132.149
10000,2.7,0.1524,39.6,0.00294804,112.589
1000,0.0,0.1524,71.3,0.0015988,127.307
1000,0.0,0.1524,55.5,0.00172668,128.583
3150,0.0,0.1524,55.5,0.00172668,127.753
8000,0.0,0.1524,31.7,0.00209405,117.957
5000,7.3,0.2286,71.3,0.0104404,115.298
2500,0.0,0.1524,31.7,0.00209405,125.867
5000,2.7,0.1524,39.6,0.00294804,121.499
2000,0.0,0.1524,31.7,0.00209405,128.907
1600,5.4,0.1524,55.5,0.00433288,130.567
630,0.0,0.1524,39.6,0.00193287,124.403
4000,0.0,0.1524,55.5,0.00172668,127.233
630,0.0,0.1524,31.7,0.00209405,125.997
4000,0.0,0.1524,31.7,0.00209405,123.807
1000,7.3,0.2286,31.7,0.0132672,119.099
6300,0.0,0.1524,71.3,0.0015988,125.427
5000,7.3,0.2286,55.5,0.0111706,113.144
10000,2.7,0.1524,71.3,0.00243851,116.724
1250,7.3,0.2286,55.5,0.0111706,125.724
1600,0.0,0.1524,55.5,0.00172668,130.183
8000,0.0,0.1524,55.5,0.00172668,121.903
12500,0.0,0.1524,71.3,0.0015988,117.087
6300,7.3,0.2286,31.7,0.0132672,110.689
3150,0.0,0.1524,39.6,0.00193287,125.603
2000,2.7,0.1524,71.3,0.00243851,130.114
4000,5.3,0.2286,39.6,0.00614329,115.801
1600,0.0,0.1524,39.6,0.00193287,131.013
630,5.4,0.1524,55.5,0.00433288,131.807
1250,5.3,0.2286,39.6,0.00614329,125.721
630,5.4,0.1524,71.3,0.00401199,128.971
630,7.3,0.2286,55.5,0.0111706,130.934
5000,7.3,0.2286,31.7,0.0132672,111.029
2500,7.3,0.2286,71.3,0.0104404,122.088
3150,7.3,0.2286,31.7,0.0132672,113.229
800,0.0,0.1524,71.3,0.0015988,125.817
1600,0.0,0.1524,71.3,0.0015988,129.667
1000,2.7,0.1524,39.6,0.00294804,130.589
6300,7.3,0.2286,71.3,0.0104404,115.818
4000,7.3,0.2286,71.3,0.0104404,119.208
2000,0.0,0.1524,55.5,0.00172668,129.673
2500,5.4,0.1524,71.3,0.00401199,127.591
1000,5.4,0.1524,55.5,0.00433288,132.127
3150,0.0,0.1524,31.7,0.00209405,124.207
1250,7.3,0.2286,39.6,0.0123481,123.189
4000,2.7,0.1524,39.6,0.00294804,121.889
4000,7.3,0.2286,39.6,0.0123481,114.079
2500,0.0,0.1524,71.3,0.0015988,128.127
1250,0.0,0.1524,31.7,0.00209405,131.467
1600,2.7,0.1524,71.3,0.00243851,130.644
3150,7.3,0.2286,39.6,0.0123481,114.309
2000,5.4,0.1524,71.3,0.00401199,131.111
500,5.4,0.1524,55.5,0.00433288,129.367
2000,0.0,0.1524,71.3,0.0015988,128.647
500,7.3,0.2286,71.3,0.0104404,136.798
10000,0.0,0.1524,71.3,0.0015988,120.247
5000,0.0,0.1524,39.6,0.00193287,123.453
630,7.3,0.2286,31.7,0.0132672,126.189
1600,0.0,0.1524,31.7,0.00209405,130.817
6300,0.0,0.1524,55.5,0.00172668,123.303
1250,0.0,0.1524,71.3,0.0015988,128.927
10000,0.0,0.1524,55.5,0.00172668,119.253
2500,0.0,0.1524,39.6,0.00193287,126.863
1000,5.3,0.2286,39.6,0.00614329,125.581
4000,5.4,0.1524,55.5,0.00433288,119.737
2500,9.9,0.1524,55.5,0.0208438,118.365
8000,7.2,0.1524,71.3,0.00752039,113.333
800,0.0,0.0508,55.5,7.6193E-4,124.336
315,12.6,0.1524,71.3,0.0483159,128.484
6300,7.2,0.1524,71.3,0.00752039,116.603
800,5.4,0.1524,39.6,0.00485029,132.757
800,7.2,0.1524,39.6,0.00909175,132.358
800,5.4,0.1524,31.7,0.00525474,131.491
2000,7.2,0.1524,71.3,0.00752039,128.643
2500,5.4,0.1524,39.6,0.00485029,120.497
400,9.9,0.1524,71.3,0.0193001,135.079
500,5.4,0.1524,39.6,0.00485029,129.937
3150,5.4,0.1524,31.7,0.00525474,118.291
10000,0.0,0.0508,71.3,7.40478E-4,128.74
4000,7.2,0.1524,71.3,0.00752039,119.343
2000,0.0,0.0508,71.3,7.40478E-4,131.06
6300,0.0,0.0508,71.3,7.40478E-4,133.04
1600,9.9,0.1524,31.7,0.0252785,117.119
3150,0.0,0.0508,71.3,7.40478E-4,135.07
2500,5.4,0.1524,55.5,0.00433288,124.077
2500,9.9,0.1524,39.6,0.0233328,116.295
1000,9.9,0.1524,31.7,0.0252785,122.149
400,12.6,0.1524,71.3,0.0483159,127.094
400,9.9,0.1524,39.6,0.0233328,128.345
200,9.9,0.1524,31.7,0.0252785,127.299
3150,12.6,0.1524,71.3,0.0483159,113.334
1600,7.2,0.1524,71.3,0.00752039,130.893
3150,9.9,0.1524,71.3,0.0193001,116.849
2500,7.2,0.1524,39.6,0.00909175,117.478
500,9.9,0.1524,71.3,0.0193001,131.279
630,9.9,0.1524,71.3,0.0193001,129.889
315,12.6,0.1524,39.6,0.0584113,116.02
3150,5.4,0.1524,39.6,0.00485029,119.137
315,9.9,0.1524,39.6,0.0233328,128.595
1250,12.6,0.1524,39.6,0.0584113,112.16
6300,9.9,0.1524,71.3,0.0193001,112.039
250,12.6,0.1524,39.6,0.0584113,115.89
5000,0.0,0.0508,55.5,7.6193E-4,134.556
200,9.9,0.1524,71.3,0.0193001,134.319
4000,9.9,0.1524,39.6,0.0233328,112.265
5000,12.6,0.1524,39.6,0.0584113,104.13
1600,5.4,0.1524,39.6,0.00485029,126.267
6300,9.9,0.1524,39.6,0.0233328,109.885
1250,0.0,0.0508,71.3,7.40478E-4,128.56
8000,5.4,0.1524,55.5,0.00433288,114.927
400,12.6,0.1524,39.6,0.0584113,115.91
1000,7.2,0.1524,71.3,0.00752039,134.273
500,9.9,0.1524,39.6,0.0233328,126.835
2500,12.6,0.1524,71.3,0.0483159,115.234
2500,9.9,0.1524,71.3,0.0193001,119.639
315,7.2,0.1524,39.6,0.00909175,130.558
1250,7.2,0.1524,39.6,0.00909175,122.428
1600,0.0,0.0508,71.3,7.40478E-4,129.68
400,7.2,0.1524,39.6,0.00909175,132.118
4000,12.6,0.1524,71.3,0.0483159,108.034
630,5.4,0.1524,39.6,0.00485029,132.357
1250,9.9,0.1524,55.5,0.0208438,121.635
3150,12.6,0.1524,39.6,0.0584113,106.26
315,9.9,0.1524,55.5,0.0208438,132.355
5000,5.4,0.1524,39.6,0.00485029,117.037
2500,0.0,0.0508,71.3,7.40478E-4,131.31
1600,0.0,0.0508,55.5,7.6193E-4,128.576
3150,0.0,0.0508,55.5,7.6193E-4,134.826
2000,5.4,0.1524,55.5,0.00433288,128.707
800,12.6,0.1524,71.3,0.0483159,123.054
1000,12.6,0.1524,71.3,0.0483159,122.044
3150,7.2,0.1524,71.3,0.00752039,116.783
4000,9.9,0.1524,55.5,0.0208438,112.945
5000,12.6,0.1524,71.3,0.0483159,108.034
12500,0.0,0.0508,71.3,7.40478E-4,125.22
630,7.2,0.1524,71.3,0.00752039,134.853
1600,9.9,0.1524,39.6,0.0233328,118.545
500,5.4,0.1524,31.7,0.00525474,129.681
5000,9.9,0.1524,71.3,0.0193001,114.569
6300,5.4,0.1524,39.6,0.00485029,116.677
6300,5.4,0.1524,31.7,0.00525474,115.591
1000,5.4,0.1524,39.6,0.00485029,130.507
3150,9.9,0.1524,55.5,0.0208438,115.085
200,9.9,0.1524,39.6,0.0233328,127.315
2000,5.4,0.1524,31.7,0.00525474,122.771
800,9.9,0.1524,71.3,0.0193001,128.879
250,9.9,0.1524,55.5,0.0208438,133.235
6300,9.9,0.1524,31.7,0.0252785,108.689
2500,12.6,0.1524,39.6,0.0584113,106.88
6300,12.6,0.1524,71.3,0.0483159,107.284
200,12.6,0.1524,71.3,0.0483159,128.354
1600,12.6,0.1524,71.3,0.0483159,120.534
1600,12.6,0.1524,39.6,0.0584113,110.78
250,12.6,0.1524,71.3,0.0483159,129.744
800,7.2,0.1524,71.3,0.00752039,136.023
1000,9.9,0.1524,71.3,0.0193001,126.349
10000,7.2,0.1524,71.3,0.00752039,110.313
1600,9.9,0.1524,71.3,0.0193001,121.789
1000,0.0,0.0508,55.5,7.6193E-4,125.586
6300,0.0,0.0508,55.5,7.6193E-4,132.796
630,12.6,0.1524,39.6,0.0584113,116.55
250,9.9,0.1524,39.6,0.0233328,128.335
2500,5.4,0.1524,31.7,0.00525474,119.151
250,9.9,0.1524,71.3,0.0193001,135.329
315,5.4,0.1524,31.7,0.00525474,125.741
4000,0.0,0.0508,55.5,7.6193E-4,134.946
3150,7.2,0.1524,39.6,0.00909175,111.818
6300,12.6,0.1524,39.6,0.0584113,103.38
400,7.2,0.1524,71.3,0.00752039,130.123
1250,9.9,0.1524,31.7,0.0252785,118.619
1250,9.9,0.1524,39.6,0.0233328,120.555
4000,12.6,0.1524,39.6,0.0584113,104.5
200,9.9,0.1524,55.5,0.0208438,131.955
1000,5.4,0.1524,31.7,0.00525474,128.241
630,12.6,0.1524,71.3,0.0483159,123.304
1250,0.0,0.0508,55.5,7.6193E-4,127.076
630,9.9,0.1524,31.7,0.0252785,126.049
2000,9.9,0.1524,55.5,0.0208438,119.505
1600,9.9,0.1524,55.5,0.0208438,119.875
200,12.6,0.1524,39.6,0.0584113,114.75
1600,7.2,0.1524,39.6,0.00909175,120.058
500,9.9,0.1524,31.7,0.0252785,127.179
6300,7.2,0.1524,39.6,0.00909175,112.688
2000,12.6,0.1524,39.6,0.0584113,109.52
4000,0.0,0.0508,71.3,7.40478E-4,134.43
400,5.4,0.1524,39.6,0.00485029,127.637
1000,7.2,0.1524,39.6,0.00909175,128.338
1250,5.4,0.1524,39.6,0.00485029,127.117
5000,0.0,0.0508,71.3,7.40478E-4,134.43
500,12.6,0.1524,39.6,0.0584113,114.9
630,7.2,0.1524,39.6,0.00909175,133.198
250,7.2,0.1524,39.6,0.00909175,127.488
800,12.6,0.1524,39.6,0.0584113,116.56
1000,9.9,0.1524,39.6,0.0233328,123.835
2500,9.9,0.1524,31.7,0.0252785,114.729
315,5.4,0.1524,39.6,0.00485029,125.347
8000,7.2,0.1524,39.6,0.00909175,111.588
2000,9.9,0.1524,39.6,0.0233328,117.925
5000,5.4,0.1524,55.5,0.00433288,118.757
4000,5.4,0.1524,31.7,0.00525474,116.181
1250,5.4,0.1524,31.7,0.00525474,123.991
10000,7.2,0.1524,39.6,0.00909175,110.868
3150,5.4,0.1524,55.5,0.00433288,121.587
2000,7.2,0.1524,39.6,0.00909175,120.228
2000,9.9,0.1524,71.3,0.0193001,120.779
1000,12.6,0.1524,39.6,0.0584113,114.67
8000,0.0,0.0508,71.3,7.40478E-4,130.89
2000,0.0,0.0508,55.5,7.6193E-4,131.456
500,9.9,0.1524,55.5,0.0208438,127.815
315,9.9,0.1524,31.7,0.0252785,128.809
500,7.2,0.1524,39.6,0.00909175,132.658
1250,7.2,0.1524,71.3,0.00752039,132.513
500,12.6,0.1524,71.3,0.0483159,121.664
2000,9.9,0.1524,31.7,0.0252785,116.859
5000,5.4,0.1524,31.7,0.00525474,115.691
400,9.9,0.1524,55.5,0.0208438,131.605
2000,12.6,0.1524,71.3,0.0483159,117.504
6300,5.4,0.1524,55.5,0.00433288,117.287
4000,9.9,0.1524,31.7,0.0252785,111.459
3150,9.9,0.1524,39.6,0.0233328,113.525
5000,9.9,0.1524,55.5,0.0208438,112.065
800,9.9,0.1524,31.7,0.0252785,125.539
4000,9.9,0.1524,71.3,0.0193001,115.079
5000,7.2,0.1524,71.3,0.00752039,118.343
315,9.9,0.1524,71.3,0.0193001,135.459
5000,9.9,0.1524,39.6,0.0233328,111.135
1600,5.4,0.1524,31.7,0.00525474,123.761
800,0.0,0.0508,71.3,7.40478E-4,130.96
400,5.4,0.1524,31.7,0.00525474,127.781
4000,7.2,0.1524,39.6,0.00909175,114.258
800,9.9,0.1524,39.6,0.0233328,126.345
1250,12.6,0.1524,71.3,0.0483159,120.154
2500,7.2,0.1524,71.3,0.00752039,124.353
3150,9.9,0.1524,31.7,0.0252785,112.209
1000,0.0,0.0508,71.3,7.40478E-4,129.45
4000,5.4,0.1524,39.6,0.00485029,117.137
630,5.4,0.1524,31.7,0.00525474,131.471
5000,9.9,0.1524,31.7,0.0252785,109.949
630,9.9,0.1524,55.5,0.0208438,127.315
315,7.2,0.1524,71.3,0.00752039,128.713
400,9.9,0.1524,31.7,0.0252785,128.939
1000,9.9,0.1524,55.5,0.0208438,124.665
2000,5.4,0.1524,39.6,0.00485029,124.647
2500,0.0,0.0508,55.5,7.6193E-4,133.956
500,7.2,0.1524,71.3,0.00752039,132.043
630,9.9,0.1524,39.6,0.0233328,126.465
5000,7.2,0.1524,39.6,0.00909175,113.288
800,9.9,0.1524,55.5,0.0208438,126.565
250,9.9,0.1524,31.7,0.0252785,128.559
6300,9.9,0.1524,55.5,0.0208438,110.555
1250,9.9,0.1524,71.3,0.0193001,122.679
3150,0.0,0.0508,31.7,8.12164E-4,135.49
1000,8.4,0.0508,55.5,0.00544854,130.722
1000,8.4,0.0508,31.7,0.00580776,129.516
6300,0.0,0.0508,31.7,8.12164E-4,130.34
2000,15.4,0.0508,55.5,0.0271925,127.04
2500,0.0,0.0508,31.7,8.12164E-4,134.87
6300,0.0,0.0508,39.6,7.91822E-4,131.918
1600,8.4,0.0508,71.3,0.00529514,133.846
1000,15.4,0.0508,71.3,0.0264269,131.865
1250,8.4,0.0508,71.3,0.00529514,132.086
12500,0.0,0.0508,55.5,7.6193E-4,125.376
630,8.4,0.0508,55.5,0.00544854,126.152
630,15.4,0.0508,71.3,0.0264269,129.645
400,15.4,0.0508,31.7,0.0289853,123.705
400,11.2,0.0508,39.6,0.0150478,130.67
315,15.4,0.0508,55.5,0.0271925,125.39
800,15.4,0.0508,55.5,0.0271925,130.43
800,15.4,0.0508,39.6,0.0282593,128.423
3150,11.2,0.0508,71.3,0.014072,127.141
200,15.4,0.0508,71.3,0.0264269,123.595
1000,0.0,0.0508,31.7,8.12164E-4,126.78
8000,4.2,0.0508,71.3,0.00142788,125.268
200,11.2,0.0508,39.6,0.0150478,125.01
400,8.4,0.0508,55.5,0.00544854,121.582
1250,11.2,0.0508,39.6,0.0150478,130.05
5000,0.0,0.0508,39.6,7.91822E-4,134.308
4000,15.4,0.0508,71.3,0.0264269,122.675
2500,8.4,0.0508,55.5,0.00544854,131.542
2000,0.0,0.0508,39.6,7.91822E-4,132.918
12500,0.0,0.0508,39.6,7.91822E-4,123.988
1000,4.2,0.0508,39.6,0.00152689,125.647
200,15.4,0.0508,55.5,0.0271925,122.94
800,8.4,0.0508,31.7,0.00580776,128.246
1000,15.4,0.0508,55.5,0.0271925,130.4
500,15.4,0.0508,39.6,0.0282593,125.963
4000,15.4,0.0508,39.6,0.0282593,118.113
2500,8.4,0.0508,39.6,0.00566229,127.465
4000,8.4,0.0508,55.5,0.00544854,122.612
1000,11.2,0.0508,39.6,0.0150478,132.43
500,15.4,0.0508,55.5,0.0271925,127.22
2000,15.4,0.0508,31.7,0.0289853,120.835
250,15.4,0.0508,39.6,0.0282593,122.893
5000,15.4,0.0508,31.7,0.0289853,112.355
10000,4.2,0.0508,71.3,0.00142788,121.238
10000,0.0,0.0508,55.5,7.6193E-4,127.636
3150,15.4,0.0508,71.3,0.0264269,125.715
4000,11.2,0.0508,71.3,0.014072,122.471
5000,8.4,0.0508,71.3,0.00529514,121.146
400,11.2,0.0508,71.3,0.014072,129.281
6300,15.4,0.0508,71.3,0.0264269,115.215
2500,11.2,0.0508,71.3,0.014072,130.541
500,8.4,0.0508,39.6,0.00566229,122.905
2000,8.4,0.0508,31.7,0.00580776,127.686
2500,15.4,0.0508,31.7,0.0289853,119.945
1600,15.4,0.0508,31.7,0.0289853,121.485
500,11.2,0.0508,39.6,0.0150478,131.96
800,8.4,0.0508,39.6,0.00566229,128.435
1600,4.2,0.0508,39.6,0.00152689,130.197
1600,4.2,0.0508,71.3,0.00142788,124.318
6300,4.2,0.0508,71.3,0.00142788,129.308
315,15.4,0.0508,71.3,0.0264269,126.195
1000,15.4,0.0508,39.6,0.0282593,127.893
2000,8.4,0.0508,55.5,0.00544854,133.042
250,15.4,0.0508,55.5,0.0271925,124.17
1600,11.2,0.0508,71.3,0.014072,135.191
800,15.4,0.0508,31.7,0.0289853,125.555
5000,4.2,0.0508,71.3,0.00142788,132.828
315,15.4,0.0508,31.7,0.0289853,122.845
800,0.0,0.0508,31.7,8.12164E-4,122.79
8000,0.0,0.0508,39.6,7.91822E-4,128.518
1250,15.4,0.0508,31.7,0.0289853,123.255
8000,0.0,0.0508,55.5,7.6193E-4,130.156
3150,0.0,0.0508,39.6,7.91822E-4,135.938
6300,15.4,0.0508,31.7,0.0289853,108.185
1250,0.0,0.0508,39.6,7.91822E-4,129.148
1250,8.4,0.0508,55.5,0.00544854,132.252
200,15.4,0.0508,39.6,0.0282593,121.783
315,15.4,0.0508,39.6,0.0282593,124.493
6300,15.4,0.0508,39.6,0.0282593,109.663
250,15.4,0.0508,31.7,0.0289853,121.225
2000,4.2,0.0508,39.6,0.00152689,132.587
6300,4.2,0.0508,39.6,0.00152689,125.717
4000,15.4,0.0508,31.7,0.0289853,115.635
800,8.4,0.0508,55.5,0.00544854,128.562
5000,0.0,0.0508,31.7,8.12164E-4,133.23
1600,11.2,0.0508,39.6,0.0150478,126.54
1000,0.0,0.0508,39.6,7.91822E-4,127.638
1600,8.4,0.0508,39.6,0.00566229,130.965
630,15.4,0.0508,31.7,0.0289853,124.685
800,11.2,0.0508,39.6,0.0150478,133.79
800,15.4,0.0508,71.3,0.0264269,131.515
500,15.4,0.0508,31.7,0.0289853,123.695
10000,4.2,0.0508,39.6,0.00152689,116.967
12500,0.0,0.0508,31.7,8.12164E-4,119.07
3150,4.2,0.0508,71.3,0.00142788,133.728
4000,8.4,0.0508,31.7,0.00580776,118.106
1600,15.4,0.0508,39.6,0.0282593,124.843
500,11.2,0.0508,71.3,0.014072,130.311
200,11.2,0.0508,71.3,0.014072,125.941
250,11.2,0.0508,71.3,0.014072,127.101
315,11.2,0.0508,39.6,0.0150478,128.99
2500,15.4,0.0508,55.5,0.0271925,125.63
315,11.2,0.0508,71.3,0.014072,128.381
1250,4.2,0.0508,39.6,0.00152689,128.427
2000,8.4,0.0508,39.6,0.00566229,129.965
800,8.4,0.0508,71.3,0.00529514,127.556
2000,0.0,0.0508,31.7,8.12164E-4,133.01
12500,4.2,0.0508,71.3,0.00142788,117.328
800,11.2,0.0508,71.3,0.014072,136.031
5000,15.4,0.0508,55.5,0.0271925,117.11
2500,4.2,0.0508,71.3,0.00142788,131.978
5000,8.4,0.0508,55.5,0.00544854,115.812
1250,8.4,0.0508,39.6,0.00566229,131.205
2500,0.0,0.0508,39.6,7.91822E-4,134.938
1600,15.4,0.0508,55.5,0.0271925,128.2
8000,0.0,0.0508,31.7,8.12164E-4,126.59
2000,8.4,0.0508,71.3,0.00529514,134.476
1600,0.0,0.0508,31.7,8.12164E-4,131.01
2000,15.4,0.0508,39.6,0.0282593,123.443
400,15.4,0.0508,39.6,0.0282593,125.353
6300,15.4,0.0508,55.5,0.0271925,112.93
4000,4.2,0.0508,71.3,0.00142788,133.598
10000,0.0,0.0508,39.6,7.91822E-4,125.998
3150,4.2,0.0508,39.6,0.00152689,133.587
2000,11.2,0.0508,39.6,0.0150478,124.42
1250,0.0,0.0508,31.7,8.12164E-4,129.27
2500,8.4,0.0508,71.3,0.00529514,134.226
4000,8.4,0.0508,71.3,0.00529514,126.926
400,8.4,0.0508,31.7,0.00580776,120.076
4000,15.4,0.0508,55.5,0.0271925,120.92
5000,15.4,0.0508,39.6,0.0282593,114.453
200,15.4,0.0508,31.7,0.0289853,119.975
3150,8.4,0.0508,55.5,0.00544854,128.402
1250,11.2,0.0508,71.3,0.014072,136.191
800,0.0,0.0508,39.6,7.91822E-4,126.508
500,8.4,0.0508,31.7,0.00580776,122.966
4000,0.0,0.0508,31.7,8.12164E-4,134.11
5000,4.2,0.0508,39.6,0.00152689,129.777
630,11.2,0.0508,71.3,0.014072,133.611
630,15.4,0.0508,39.6,0.0282593,127.443
1600,0.0,0.0508,39.6,7.91822E-4,130.908
1250,15.4,0.0508,71.3,0.0264269,130.845
3150,11.2,0.0508,39.6,0.0150478,119.67
2000,15.4,0.0508,71.3,0.0264269,129.285
3150,15.4,0.0508,39.6,0.0282593,120.513
400,15.4,0.0508,71.3,0.0264269,126.805
10000,0.0,0.0508,31.7,8.12164E-4,122.45
2500,8.4,0.0508,31.7,0.00580776,125.576
2500,15.4,0.0508,71.3,0.0264269,127.625
8000,15.4,0.0508,71.3,0.0264269,112.675
400,15.4,0.0508,55.5,0.0271925,126.5
200,19.7,0.0508,71.3,0.0341183,118.005
2500,15.4,0.0508,39.6,0.0282593,122.413
1600,8.4,0.0508,31.7,0.00580776,129.296
630,11.2,0.0508,39.6,0.0150478,133.13
3150,8.4,0.0508,71.3,0.00529514,131.966
250,15.4,0.0508,71.3,0.0264269,124.835
1250,15.4,0.0508,55.5,0.0271925,130.0
3150,15.4,0.0508,31.7,0.0289853,118.045
630,8.4,0.0508,39.6,0.00566229,126.045
1250,15.4,0.0508,39.6,0.0282593,126.743
1250,8.4,0.0508,31.7,0.00580776,130.156
3150,15.4,0.0508,55.5,0.0271925,123.46
4000,8.4,0.0508,39.6,0.00566229,118.955
1000,11.2,0.0508,71.3,0.014072,136.941
2500,4.2,0.0508,39.6,0.00152689,133.847
5000,15.4,0.0508,71.3,0.0264269,119.135
400,8.4,0.0508,39.6,0.00566229,120.015
1000,8.4,0.0508,39.6,0.00566229,130.195
1000,8.4,0.0508,71.3,0.00529514,129.946
630,15.4,0.0508,55.5,0.0271925,129.33
630,8.4,0.0508,31.7,0.00580776,125.856
4000,11.2,0.0508,39.6,0.0150478,115.52
3150,8.4,0.0508,31.7,0.00580776,122.086
1000,15.4,0.0508,31.7,0.0289853,124.525
500,8.4,0.0508,55.5,0.00544854,123.742
250,11.2,0.0508,39.6,0.0150478,126.43
4000,0.0,0.0508,39.6,7.91822E-4,135.308
8000,4.2,0.0508,39.6,0.00152689,120.397
2000,4.2,0.0508,71.3,0.00142788,129.848
4000,4.2,0.0508,39.6,0.00152689,131.807
3150,8.4,0.0508,39.6,0.00566229,123.965
2000,11.2,0.0508,71.3,0.014072,133.311
1600,8.4,0.0508,55.5,0.00544854,133.032
500,15.4,0.0508,71.3,0.0264269,127.285
1600,15.4,0.0508,71.3,0.0264269,130.065
2500,11.2,0.0508,39.6,0.0150478,122.17
200,9.5,0.0254,31.7,0.00461377,119.146
400,19.7,0.0508,71.3,0.0341183,123.865
10000,0.0,0.0254,31.7,4.39472E-4,134.227
800,4.8,0.0254,31.7,9.30789E-4,122.648
6300,0.0,0.0254,55.5,4.1229E-4,136.103
1000,19.7,0.0508,71.3,0.0341183,121.885
10000,4.8,0.0254,71.3,8.48633E-4,127.398
1600,9.5,0.0254,55.5,0.0043284,133.062
1600,4.8,0.0254,39.6,9.07475E-4,125.966
400,9.5,0.0254,55.5,0.0043284,120.952
1000,9.5,0.0254,71.3,0.00420654,129.556
250,12.7,0.0254,71.3,0.0121808,119.698
250,19.7,0.0508,71.3,0.0341183,119.115
2000,0.0,0.0254,39.6,4.28464E-4,130.026
630,12.7,0.0254,71.3,0.0121808,128.878
20000,4.8,0.0254,71.3,8.48633E-4,119.708
2500,4.8,0.0254,31.7,9.30789E-4,132.588
5000,9.5,0.0254,31.7,0.00461377,124.426
500,9.5,0.0254,55.5,0.0043284,123.082
8000,4.8,0.0254,39.6,9.07475E-4,131.346
500,9.5,0.0254,31.7,0.00461377,126.886
200,19.7,0.0508,39.6,0.036484,125.974
3150,19.7,0.0508,39.6,0.036484,113.004
500,12.7,0.0254,71.3,0.0121808,126.898
2500,0.0,0.0254,55.5,4.1229E-4,130.073
4000,0.0,0.0254,55.5,4.1229E-4,133.223
3150,0.0,0.0254,31.7,4.39472E-4,135.227
8000,0.0,0.0254,31.7,4.39472E-4,137.207
16000,0.0,0.0254,55.5,4.1229E-4,125.683
4000,4.8,0.0254,55.5,8.73218E-4,133.924
1600,4.8,0.0254,31.7,9.30789E-4,128.718
6300,9.5,0.0254,39.6,0.00449821,120.324
4000,0.0,0.0254,71.3,4.00682E-4,138.557
1250,9.5,0.0254,71.3,0.00420654,131.656
630,9.5,0.0254,55.5,0.0043284,125.452
3150,0.0,0.0254,71.3,4.00682E-4,137.007
3150,4.8,0.0254,39.6,9.07475E-4,133.436
800,9.5,0.0254,39.6,0.00449821,129.014
6300,9.5,0.0254,31.7,0.00461377,120.726
10000,0.0,0.0254,71.3,4.00682E-4,130.787
4000,9.5,0.0254,55.5,0.0043284,131.582
12500,0.0,0.0254,71.3,4.00682E-4,133.207
8000,4.8,0.0254,31.7,9.30789E-4,127.008
4000,9.5,0.0254,71.3,0.00420654,134.236
6300,0.0,0.0254,31.7,4.39472E-4,138.537
2500,0.0,0.0254,39.6,4.28464E-4,131.836
1250,0.0,0.0254,31.7,4.39472E-4,127.947
3150,4.8,0.0254,55.5,8.73218E-4,132.354
1600,9.5,0.0254,71.3,0.00420654,133.756
20000,0.0,0.0254,55.5,4.1229E-4,121.933
2500,4.8,0.0254,71.3,8.48633E-4,130.828
1000,4.8,0.0254,39.6,9.07475E-4,122.956
20000,0.0,0.0254,71.3,4.00682E-4,123.217
6300,4.8,0.0254,31.7,9.30789E-4,132.898
2500,19.7,0.0508,71.3,0.0341183,118.385
250,9.5,0.0254,39.6,0.00449821,116.924
10000,0.0,0.0254,39.6,4.28464E-4,133.376
630,9.5,0.0254,39.6,0.00449821,126.514
1250,4.8,0.0254,39.6,9.07475E-4,125.026
500,19.7,0.0508,71.3,0.0341183,126.995
6300,9.5,0.0254,55.5,0.0043284,124.222
4000,4.8,0.0254,71.3,8.48633E-4,134.928
3150,9.5,0.0254,39.6,0.00449821,129.934
500,19.7,0.0508,39.6,0.036484,128.444
3150,0.0,0.0254,39.6,4.28464E-4,133.276
10000,4.8,0.0254,55.5,8.73218E-4,126.944
10000,0.0,0.0254,55.5,4.1229E-4,134.563
12500,0.0,0.0254,39.6,4.28464E-4,129.116
5000,0.0,0.0254,31.7,4.39472E-4,138.607
3150,9.5,0.0254,71.3,0.00420654,136.166
2500,4.8,0.0254,39.6,9.07475E-4,131.236
2500,9.5,0.0254,55.5,0.0043284,134.152
315,9.5,0.0254,39.6,0.00449821,119.294
800,4.8,0.0254,39.6,9.07475E-4,120.766
1600,9.5,0.0254,31.7,0.00461377,131.036
400,12.7,0.0254,71.3,0.0121808,125.048
3150,4.8,0.0254,71.3,8.48633E-4,133.378
200,9.5,0.0254,39.6,0.00449821,116.074
1600,9.5,0.0254,39.6,0.00449821,131.184
3150,19.7,0.0508,71.3,0.0341183,116.225
16000,0.0,0.0254,71.3,4.00682E-4,130.477
2000,0.0,0.0254,31.7,4.39472E-4,130.697
8000,4.8,0.0254,55.5,8.73218E-4,132.184
2000,9.5,0.0254,55.5,0.0043284,134.052
630,4.8,0.0254,39.6,9.07475E-4,118.696
2500,9.5,0.0254,39.6,0.00449821,131.234
8000,0.0,0.0254,71.3,4.00682E-4,129.867
5000,0.0,0.0254,39.6,4.28464E-4,136.536
800,9.5,0.0254,71.3,0.00420654,127.206
400,9.5,0.0254,39.6,0.00449821,121.154
8000,0.0,0.0254,39.6,4.28464E-4,135.866
3150,0.0,0.0254,55.5,4.1229E-4,130.503
1250,9.5,0.0254,39.6,0.00449821,130.964
400,19.7,0.0508,39.6,0.036484,130.614
2000,4.8,0.0254,31.7,9.30789E-4,130.148
4000,19.7,0.0508,39.6,0.036484,108.684
5000,4.8,0.0254,71.3,8.48633E-4,135.468
2500,9.5,0.0254,71.3,0.00420654,135.956
6300,9.5,0.0254,71.3,0.00420654,127.246
315,9.5,0.0254,31.7,0.00461377,122.766
16000,4.8,0.0254,55.5,8.73218E-4,124.394
630,19.7,0.0508,71.3,0.0341183,128.365
3150,9.5,0.0254,55.5,0.0043284,133.252
1000,9.5,0.0254,55.5,0.0043284,130.332
2000,19.7,0.0508,71.3,0.0341183,120.055
1000,19.7,0.0508,39.6,0.036484,118.904
2000,9.5,0.0254,39.6,0.00449821,131.274
2500,0.0,0.0254,71.3,4.00682E-4,133.707
6300,4.8,0.0254,71.3,8.48633E-4,134.498
500,4.8,0.0254,31.7,9.30789E-4,116.128
3150,9.5,0.0254,31.7,0.00461377,128.536
1250,19.7,0.0508,39.6,0.036484,118.634
1250,4.8,0.0254,31.7,9.30789E-4,127.408
4000,0.0,0.0254,39.6,4.28464E-4,135.346
4000,9.5,0.0254,39.6,0.00449821,127.864
5000,4.8,0.0254,55.5,8.73218E-4,135.484
8000,4.8,0.0254,71.3,8.48633E-4,131.518
800,19.7,0.0508,71.3,0.0341183,124.555
6300,0.0,0.0254,39.6,4.28464E-4,136.826
315,12.7,0.0254,71.3,0.0121808,122.938
2000,9.5,0.0254,31.7,0.00461377,130.496
6300,0.0,0.0254,71.3,4.00682E-4,134.987
1000,4.8,0.0254,31.7,9.30789E-4,125.348
1000,12.7,0.0254,71.3,0.0121808,131.698
8000,0.0,0.0254,55.5,4.1229E-4,136.163
5000,9.5,0.0254,55.5,0.0043284,128.412
2500,9.5,0.0254,31.7,0.00461377,130.086
630,9.5,0.0254,71.3,0.00420654,125.726
1000,9.5,0.0254,39.6,0.00449821,130.374
10000,4.8,0.0254,39.6,9.07475E-4,126.066
5000,4.8,0.0254,31.7,9.30789E-4,135.248
800,9.5,0.0254,55.5,0.0043284,128.082
1250,12.7,0.0254,71.3,0.0121808,133.048
1600,0.0,0.0254,31.7,4.39472E-4,129.267
800,9.5,0.0254,31.7,0.00461377,130.746
315,19.7,0.0508,71.3,0.0341183,121.235
12500,0.0,0.0254,31.7,4.39472E-4,128.977
315,19.7,0.0508,39.6,0.036484,129.864
6300,4.8,0.0254,39.6,9.07475E-4,134.336
2000,4.8,0.0254,55.5,8.73218E-4,125.054
1600,0.0,0.0254,39.6,4.28464E-4,124.156
400,9.5,0.0254,31.7,0.00461377,124.756
630,9.5,0.0254,31.7,0.00461377,129.006
800,12.7,0.0254,71.3,0.0121808,130.348
500,4.8,0.0254,39.6,9.07475E-4,116.366
2500,19.7,0.0508,39.6,0.036484,116.184
5000,0.0,0.0254,55.5,4.1229E-4,135.803
12500,4.8,0.0254,71.3,8.48633E-4,127.688
4000,9.5,0.0254,31.7,0.00461377,126.736
1600,12.7,0.0254,71.3,0.0121808,134.528
1600,19.7,0.0508,71.3,0.0341183,120.575
630,4.8,0.0254,31.7,9.30789E-4,120.078
5000,0.0,0.0254,71.3,4.00682E-4,136.837
4000,4.8,0.0254,31.7,9.30789E-4,135.328
5000,9.5,0.0254,71.3,0.00420654,131.186
5000,9.5,0.0254,39.6,0.00449821,125.044
2500,4.8,0.0254,55.5,8.73218E-4,129.144
16000,4.8,0.0254,71.3,8.48633E-4,124.208
2000,4.8,0.0254,71.3,8.48633E-4,128.398
5000,4.8,0.0254,39.6,9.07475E-4,135.426
3150,4.8,0.0254,31.7,9.30789E-4,134.268
250,9.5,0.0254,31.7,0.00461377,120.136
1600,19.7,0.0508,39.6,0.036484,117.604
12500,0.0,0.0254,55.5,4.1229E-4,131.453
4000,19.7,0.0508,71.3,0.0341183,113.045
1250,19.7,0.0508,71.3,0.0341183,121.485
630,19.7,0.0508,39.6,0.036484,120.324
500,9.5,0.0254,39.6,0.00449821,123.894
20000,4.8,0.0254,55.5,8.73218E-4,121.284
800,19.7,0.0508,39.6,0.036484,119.174
2000,9.5,0.0254,71.3,0.00420654,134.976
1250,9.5,0.0254,55.5,0.0043284,132.202
1000,9.5,0.0254,31.7,0.00461377,131.346
2000,4.8,0.0254,39.6,9.07475E-4,128.916
4000,4.8,0.0254,39.6,9.07475E-4,134.996
2000,19.7,0.0508,39.6,0.036484,117.724
1600,4.8,0.0254,55.5,8.73218E-4,121.474
1250,9.5,0.0254,31.7,0.00461377,131.446
250,19.7,0.0508,39.6,0.036484,127.224
16000,0.0,0.0254,39.6,4.28464E-4,124.986
2500,0.0,0.0254,31.7,4.39472E-4,132.897
1000,0.0,0.0254,31.7,4.39472E-4,125.127
2000,0.0,0.0254,55.5,4.1229E-4,127.623
12500,4.8,0.0254,55.5,8.73218E-4,125.094
4000,0.0,0.0254,31.7,4.39472E-4,137.047
6300,4.8,0.0254,55.5,8.73218E-4,135.164
16000,0.0,0.0254,31.7,4.39472E-4,125.627
800,17.4,0.0254,31.7,0.0176631,139.226
630,22.2,0.0254,71.3,0.0214178,120.657
200,17.4,0.0254,39.6,0.0172206,114.044
800,0.0,0.1016,55.5,0.00131983,127.92
630,0.0,0.1016,39.6,0.00146332,125.401
2000,0.0,0.1016,71.3,0.00121072,132.095
800,17.4,0.0254,71.3,0.016104,124.276
200,17.4,0.0254,55.5,0.0165706,109.951
250,17.4,0.0254,55.5,0.0165706,110.491
1600,22.2,0.0254,71.3,0.0214178,131.817
6300,12.7,0.0254,71.3,0.0121808,125.398
500,17.4,0.0254,71.3,0.016104,119.806
315,17.4,0.0254,39.6,0.0172206,115.144
6300,0.0,0.1016,39.6,0.00146332,125.631
8000,12.7,0.0254,39.6,0.0130253,120.607
500,12.7,0.0254,39.6,0.0130253,127.127
5000,22.2,0.0254,71.3,0.0214178,125.727
3150,17.4,0.0254,39.6,0.0172206,123.564
1250,22.2,0.0254,71.3,0.0214178,140.987
1000,0.0,0.1016,39.6,0.00146332,130.781
630,17.4,0.0254,55.5,0.0165706,122.411
315,12.7,0.0254,39.6,0.0130253,123.537
500,17.4,0.0254,55.5,0.0165706,119.621
630,22.2,0.0254,39.6,0.0229028,137.026
2000,0.0,0.1016,39.6,0.00146332,133.251
1000,17.4,0.0254,55.5,0.0165706,126.001
200,17.4,0.0254,71.3,0.016104,112.506
2000,0.0,0.1016,31.7,0.00150092,133.153
8000,3.3,0.1016,71.3,0.00202822,121.234
4000,17.4,0.0254,55.5,0.0165706,121.771
5000,0.0,0.1016,71.3,0.00121072,130.795
3150,22.2,0.0254,71.3,0.0214178,124.127
2000,12.7,0.0254,39.6,0.0130253,129.567
800,0.0,0.1016,39.6,0.00146332,128.401
2500,17.4,0.0254,55.5,0.0165706,124.931
1250,0.0,0.1016,55.5,0.00131983,131.43
12500,0.0,0.1016,71.3,0.00121072,119.375
6300,12.7,0.0254,39.6,0.0130253,123.177
2500,0.0,0.1016,71.3,0.00121072,132.595
4000,12.7,0.0254,39.6,0.0130253,126.537
1250,17.4,0.0254,31.7,0.0176631,128.306
2000,22.2,0.0254,39.6,0.0229028,121.256
1600,0.0,0.1016,55.5,0.00131983,132.05
800,3.3,0.1016,71.3,0.00202822,131.074
630,17.4,0.0254,39.6,0.0172206,124.514
1600,0.0,0.1016,71.3,0.00121072,131.725
1000,17.4,0.0254,71.3,0.016104,125.816
315,17.4,0.0254,55.5,0.0165706,111.911
1600,0.0,0.1016,39.6,0.00146332,133.261
2000,17.4,0.0254,71.3,0.016104,126.826
1250,17.4,0.0254,39.6,0.0172206,131.364
630,0.0,0.1016,31.7,0.00150092,126.413
1600,17.4,0.0254,55.5,0.0165706,126.471
5000,17.4,0.0254,55.5,0.0165706,118.941
4000,22.2,0.0254,71.3,0.0214178,123.917
8000,12.7,0.0254,71.3,0.0121808,120.538
3150,0.0,0.1016,71.3,0.00121072,131.955
10000,0.0,0.1016,31.7,0.00150092,115.893
1000,12.7,0.0254,39.6,0.0130253,130.947
5000,17.4,0.0254,39.6,0.0172206,119.854
315,17.4,0.0254,31.7,0.0176631,118.416
250,12.7,0.0254,39.6,0.0130253,121.547
3150,0.0,0.1016,39.6,0.00146332,130.961
2000,3.3,0.1016,71.3,0.00202822,134.034
500,22.2,0.0254,39.6,0.0229028,129.776
1600,3.3,0.1016,71.3,0.00202822,133.664
6300,17.4,0.0254,55.5,0.0165706,114.861
1600,12.7,0.0254,39.6,0.0130253,129.977
400,17.4,0.0254,71.3,0.016104,117.396
200,17.4,0.0254,31.7,0.0176631,116.146
630,3.3,0.1016,55.5,0.002211,126.599
10000,0.0,0.1016,55.5,0.00131983,121.93
8000,17.4,0.0254,71.3,0.016104,115.466
4000,17.4,0.0254,39.6,0.0172206,122.724
8000,0.0,0.1016,71.3,0.00121072,125.465
630,12.7,0.0254,39.6,0.0130253,128.867
3150,12.7,0.0254,39.6,0.0130253,127.847
1000,0.0,0.1016,55.5,0.00131983,129.8
4000,0.0,0.1016,55.5,0.00131983,129.5
4000,17.4,0.0254,71.3,0.016104,125.586
8000,0.0,0.1016,39.6,0.00146332,122.341
630,0.0,0.1016,71.3,0.00121072,124.155
1250,0.0,0.1016,39.6,0.00146332,132.271
6300,0.0,0.1016,31.7,0.00150092,124.253
4000,12.7,0.0254,71.3,0.0121808,131.808
2500,17.4,0.0254,39.6,0.0172206,124.154
1250,0.0,0.1016,31.7,0.00150092,133.063
800,17.4,0.0254,39.6,0.0172206,135.324
5000,12.7,0.0254,71.3,0.0121808,128.978
10000,12.7,0.0254,71.3,0.0121808,114.418
6300,17.4,0.0254,71.3,0.016104,119.916
250,22.2,0.0254,39.6,0.0229028,117.386
1000,0.0,0.1016,71.3,0.00121072,128.825
3150,22.2,0.0254,39.6,0.0229028,120.856
1250,3.3,0.1016,71.3,0.00202822,132.304
400,17.4,0.0254,31.7,0.0176631,120.766
1000,22.2,0.0254,39.6,0.0229028,128.416
4000,0.0,0.1016,71.3,0.00121072,130.935
800,22.2,0.0254,39.6,0.0229028,137.076
2000,17.4,0.0254,39.6,0.0172206,126.644
800,3.3,0.1016,55.5,0.002211,129.119
2500,17.4,0.0254,71.3,0.016104,126.746
2500,0.0,0.1016,55.5,0.00131983,133.04
1000,3.3,0.1016,71.3,0.00202822,131.434
1000,0.0,0.1016,31.7,0.00150092,131.313
400,17.4,0.0254,39.6,0.0172206,115.444
1600,17.4,0.0254,39.6,0.0172206,127.614
3150,17.4,0.0254,71.3,0.016104,126.536
3150,3.3,0.1016,71.3,0.00202822,132.114
3150,17.4,0.0254,55.5,0.0165706,124.101
1000,17.4,0.0254,31.7,0.0176631,131.796
3150,17.4,0.0254,31.7,0.0176631,123.466
4000,17.4,0.0254,31.7,0.0176631,121.996
630,17.4,0.0254,31.7,0.0176631,136.886
315,22.2,0.0254,71.3,0.0214178,115.857
630,0.0,0.1016,55.5,0.00131983,126.17
8000,22.2,0.0254,71.3,0.0214178,121.657
800,0.0,0.1016,31.7,0.00150092,129.053
1600,0.0,0.1016,31.7,0.00150092,133.553
6300,0.0,0.1016,55.5,0.00131983,127.73
1600,22.2,0.0254,39.6,0.0229028,122.216
5000,0.0,0.1016,55.5,0.00131983,128.36
10000,3.3,0.1016,71.3,0.00202822,116.694
2500,22.2,0.0254,39.6,0.0229028,121.306
2500,3.3,0.1016,71.3,0.00202822,133.894
315,17.4,0.0254,71.3,0.016104,115.846
315,22.2,0.0254,39.6,0.0229028,120.716
5000,12.7,0.0254,39.6,0.0130253,125.107
500,17.4,0.0254,31.7,0.0176631,127.676
1250,12.7,0.0254,39.6,0.0130253,130.777
2500,17.4,0.0254,31.7,0.0176631,124.166
250,17.4,0.0254,39.6,0.0172206,114.714
6300,3.3,0.1016,71.3,0.00202822,124.904
630,17.4,0.0254,71.3,0.016104,122.606
5000,3.3,0.1016,71.3,0.00202822,127.054
1000,17.4,0.0254,39.6,0.0172206,138.274
400,22.2,0.0254,71.3,0.0214178,117.927
10000,0.0,0.1016,71.3,0.00121072,123.305
12500,0.0,0.1016,55.5,0.00131983,119.91
250,17.4,0.0254,71.3,0.016104,113.796
2500,0.0,0.1016,31.7,0.00150092,132.003
400,22.2,0.0254,39.6,0.0229028,123.416
800,17.4,0.0254,55.5,0.0165706,123.091
5000,17.4,0.0254,31.7,0.0176631,117.996
2000,0.0,0.1016,55.5,0.00131983,132.54
10000,0.0,0.1016,39.6,0.00146332,119.561
2500,22.2,0.0254,71.3,0.0214178,126.097
3150,0.0,0.1016,31.7,0.00150092,129.973
4000,22.2,0.0254,39.6,0.0229028,119.646
800,12.7,0.0254,39.6,0.0130253,130.217
5000,0.0,0.1016,31.7,0.00150092,124.393
250,17.4,0.0254,31.7,0.0176631,116.956
1250,17.4,0.0254,71.3,0.016104,126.356
1250,22.2,0.0254,39.6,0.0229028,126.446
2000,22.2,0.0254,71.3,0.0214178,127.197
4000,0.0,0.1016,39.6,0.00146332,127.801
3150,12.7,0.0254,71.3,0.0121808,133.758
4000,3.3,0.1016,71.3,0.00202822,128.704
6300,0.0,0.1016,71.3,0.00121072,129.395
3150,0.0,0.1016,55.5,0.00131983,131.78
2000,12.7,0.0254,71.3,0.0121808,134.228
1000,22.2,0.0254,71.3,0.0214178,134.247
5000,22.2,0.0254,39.6,0.0229028,118.816
500,17.4,0.0254,39.6,0.0172206,117.514
1600,17.4,0.0254,31.7,0.0176631,126.846
800,0.0,0.1016,71.3,0.00121072,126.805
1000,3.3,0.1016,55.5,0.002211,131.129
2000,17.4,0.0254,55.5,0.0165706,125.261
2500,12.7,0.0254,39.6,0.0130253,129.027
10000,12.7,0.0254,39.6,0.0130253,116.017
400,17.4,0.0254,55.5,0.0165706,115.461
1250,17.4,0.0254,55.5,0.0165706,129.301
8000,0.0,0.1016,55.5,0.00131983,124.45
2500,12.7,0.0254,71.3,0.0121808,134.058
200,22.2,0.0254,39.6,0.0229028,116.066
6300,22.2,0.0254,71.3,0.0214178,123.127
2000,17.4,0.0254,31.7,0.0176631,124.356
5000,17.4,0.0254,71.3,0.016104,123.126
800,22.2,0.0254,71.3,0.0214178,123.227
5000,0.0,0.1016,39.6,0.00146332,126.021
8000,0.0,0.1016,31.7,0.00150092,120.193
500,22.2,0.0254,71.3,0.0214178,117.967
1250,0.0,0.1016,71.3,0.00121072,130.335
400,12.7,0.0254,39.6,0.0130253,125.527
1600,17.4,0.0254,71.3,0.016104,126.406
2500,0.0,0.1016,39.6,0.00146332,132.611
4000,0.0,0.1016,31.7,0.00150092,126.933
2000,8.9,0.1016,39.6,0.0124596,119.04
200,12.3,0.1016,71.3,0.0337792,130.588
4000,12.3,0.1016,31.7,0.0418756,108.407
250,8.9,0.1016,39.6,0.0124596,134.34
500,6.7,0.1016,39.6,0.00578076,130.955
2500,15.6,0.1016,39.6,0.0528487,110.264
1600,12.3,0.1016,55.5,0.0368233,121.824
200,12.3,0.1016,39.6,0.0408268,128.545
630,12.3,0.1016,39.6,0.0408268,121.315
8000,3.3,0.1016,55.5,0.002211,120.569
6300,3.3,0.1016,39.6,0.00245138,120.851
800,6.7,0.1016,39.6,0.00578076,134.625
800,8.9,0.1016,71.3,0.0103088,137.813
1000,15.6,0.1016,71.3,0.0437259,124.438
1000,12.3,0.1016,55.5,0.0368233,125.484
400,15.6,0.1016,39.6,0.0528487,120.484
1000,6.7,0.1016,55.5,0.0052139,137.233
200,8.9,0.1016,39.6,0.0124596,133.42
1250,12.3,0.1016,55.5,0.0368233,124.214
1600,12.3,0.1016,71.3,0.0337792,124.748
250,12.3,0.1016,55.5,0.0368233,133.294
250,12.3,0.1016,71.3,0.0337792,131.568
1600,15.6,0.1016,71.3,0.0437259,121.528
630,6.7,0.1016,71.3,0.00478288,131.448
4000,12.3,0.1016,39.6,0.0408268,110.905
1000,6.7,0.1016,31.7,0.00592927,131.636
3150,15.6,0.1016,39.6,0.0528487,109.254
5000,3.3,0.1016,39.6,0.00245138,122.371
2000,3.3,0.1016,31.7,0.00251435,131.642
5000,3.3,0.1016,31.7,0.00251435,122.082
800,6.7,0.1016,55.5,0.0052139,135.953
800,3.3,0.1016,39.6,0.00245138,129.991
3150,8.9,0.1016,39.6,0.0124596,119.35
250,15.6,0.1016,39.6,0.0528487,124.644
6300,12.3,0.1016,39.6,0.0408268,107.985
630,12.3,0.1016,55.5,0.0368233,124.244
2000,6.7,0.1016,39.6,0.00578076,122.235
500,8.9,0.1016,71.3,0.0103088,138.523
2000,12.3,0.1016,55.5,0.0368233,118.564
800,15.6,0.1016,39.6,0.0528487,118.964
2500,3.3,0.1016,55.5,0.002211,132.889
6300,3.3,0.1016,55.5,0.002211,123.839
500,12.3,0.1016,71.3,0.0337792,140.158
4000,3.3,0.1016,39.6,0.00245138,124.881
400,15.6,0.1016,71.3,0.0437259,134.058
630,15.6,0.1016,71.3,0.0437259,122.288
4000,15.6,0.1016,39.6,0.0528487,106.604
1000,3.3,0.1016,39.6,0.00245138,131.971
1000,12.3,0.1016,71.3,0.0337792,127.928
4000,15.6,0.1016,71.3,0.0437259,113.298
315,8.9,0.1016,71.3,0.0103088,136.583
400,6.7,0.1016,39.6,0.00578076,128.295
315,15.6,0.1016,71.3,0.0437259,133.808
400,12.3,0.1016,55.5,0.0368233,136.414
1600,3.3,0.1016,39.6,0.00245138,133.071
315,12.3,0.1016,39.6,0.0408268,129.415
315,15.6,0.1016,39.6,0.0528487,122.754
1000,15.6,0.1016,39.6,0.0528487,119.224
5000,8.9,0.1016,71.3,0.0103088,116.723
4000,8.9,0.1016,39.6,0.0124596,116.22
1600,15.6,0.1016,39.6,0.0528487,114.554
630,12.3,0.1016,71.3,0.0337792,135.368
500,12.3,0.1016,55.5,0.0368233,133.774
3150,12.3,0.1016,39.6,0.0408268,113.055
200,12.3,0.1016,31.7,0.0418756,124.987
5000,12.3,0.1016,31.7,0.0418756,107.147
250,15.6,0.1016,71.3,0.0437259,132.158
1600,8.9,0.1016,71.3,0.0103088,128.763
400,12.3,0.1016,71.3,0.0337792,139.428
2500,12.3,0.1016,39.6,0.0408268,113.315
1000,8.9,0.1016,39.6,0.0124596,129.58
2000,12.3,0.1016,39.6,0.0408268,114.085
2000,15.6,0.1016,39.6,0.0528487,110.894
2500,6.7,0.1016,55.5,0.0052139,124.273
1600,6.7,0.1016,39.6,0.00578076,127.375
500,6.7,0.1016,31.7,0.00592927,130.206
2500,15.6,0.1016,71.3,0.0437259,118.998
1250,3.3,0.1016,39.6,0.00245138,133.211
2000,6.7,0.1016,55.5,0.0052139,129.653
1000,12.3,0.1016,31.7,0.0418756,119.777
250,8.9,0.1016,71.3,0.0103088,134.533
200,12.3,0.1016,55.5,0.0368233,132.304
250,12.3,0.1016,31.7,0.0418756,125.857
500,12.3,0.1016,31.7,0.0418756,118.667
3150,3.3,0.1016,31.7,0.00251435,128.252
2500,3.3,0.1016,39.6,0.00245138,130.791
800,6.7,0.1016,31.7,0.00592927,132.886
500,8.9,0.1016,39.6,0.0124596,133.79
6300,8.9,0.1016,39.6,0.0124596,113.11
400,12.3,0.1016,39.6,0.0408268,128.265
630,6.7,0.1016,55.5,0.0052139,133.023
2000,8.9,0.1016,71.3,0.0103088,124.233
1250,8.9,0.1016,71.3,0.0103088,132.793
1250,12.3,0.1016,71.3,0.0337792,126.648
2500,12.3,0.1016,71.3,0.0337792,121.318
3150,3.3,0.1016,39.6,0.00245138,128.401
800,6.7,0.1016,71.3,0.00478288,134.478
6300,12.3,0.1016,31.7,0.0418756,107.267
1600,12.3,0.1016,39.6,0.0408268,117.875
2500,8.9,0.1016,39.6,0.0124596,119.19
1250,15.6,0.1016,71.3,0.0437259,123.178
1250,6.7,0.1016,55.5,0.0052139,136.883
400,6.7,0.1016,31.7,0.00592927,128.296
630,12.3,0.1016,31.7,0.0418756,119.287
2000,15.6,0.1016,71.3,0.0437259,119.888
2500,3.3,0.1016,31.7,0.00251435,130.392
2000,6.7,0.1016,31.7,0.00592927,120.446
500,12.3,0.1016,39.6,0.0408268,122.205
315,8.9,0.1016,39.6,0.0124596,135.38
800,12.3,0.1016,71.3,0.0337792,127.318
1250,6.7,0.1016,39.6,0.00578076,132.395
6300,8.9,0.1016,71.3,0.0103088,117.253
1000,3.3,0.1016,31.7,0.00251435,133.012
1600,6.7,0.1016,55.5,0.0052139,133.653
1250,12.3,0.1016,31.7,0.0418756,118.767
630,8.9,0.1016,39.6,0.0124596,131.92
4000,12.3,0.1016,55.5,0.0368233,114.404
1000,6.7,0.1016,71.3,0.00478288,136.758
8000,3.3,0.1016,39.6,0.00245138,118.091
5000,8.9,0.1016,39.6,0.0124596,113.08
1000,12.3,0.1016,39.6,0.0408268,122.435
400,8.9,0.1016,71.3,0.0103088,138.123
4000,12.3,0.1016,71.3,0.0337792,118.018
3150,3.3,0.1016,55.5,0.002211,130.629
8000,3.3,0.1016,31.7,0.00251435,117.432
200,8.9,0.1016,71.3,0.0103088,133.503
4000,3.3,0.1016,31.7,0.00251435,124.852
1000,8.9,0.1016,71.3,0.0103088,135.433
6300,15.6,0.1016,39.6,0.0528487,104.204
2500,6.7,0.1016,71.3,0.00478288,131.458
1600,6.7,0.1016,71.3,0.00478288,136.678
500,6.7,0.1016,55.5,0.0052139,129.343
800,12.3,0.1016,55.5,0.0368233,125.114
630,8.9,0.1016,71.3,0.0103088,138.423
5000,12.3,0.1016,71.3,0.0337792,116.108
1250,12.3,0.1016,39.6,0.0408268,121.165
3150,12.3,0.1016,31.7,0.0418756,110.307
2000,3.3,0.1016,55.5,0.002211,133.649
3150,12.3,0.1016,55.5,0.0368233,116.914
2000,3.3,0.1016,39.6,0.00245138,132.301
315,12.3,0.1016,31.7,0.0418756,124.717
630,6.7,0.1016,31.7,0.00592927,132.116
500,15.6,0.1016,39.6,0.0528487,115.304
3150,15.6,0.1016,71.3,0.0437259,116.468
1000,6.7,0.1016,39.6,0.00578076,134.515
1600,12.3,0.1016,31.7,0.0418756,114.477
1250,3.3,0.1016,55.5,0.002211,132.769
4000,3.3,0.1016,55.5,0.002211,127.229
5000,3.3,0.1016,55.5,0.002211,124.839
800,12.3,0.1016,31.7,0.0418756,120.037
1600,3.3,0.1016,31.7,0.00251435,133.402
200,15.6,0.1016,71.3,0.0437259,130.898
1600,8.9,0.1016,39.6,0.0124596,123.82
1600,3.3,0.1016,55.5,0.002211,133.649
1250,6.7,0.1016,71.3,0.00478288,137.658
400,12.3,0.1016,31.7,0.0418756,123.207
1250,15.6,0.1016,39.6,0.0528487,118.214
5000,12.3,0.1016,55.5,0.0368233,112.014
5000,15.6,0.1016,39.6,0.0528487,106.224
630,6.7,0.1016,39.6,0.00578076,133.355
1250,3.3,0.1016,31.7,0.00251435,134.022
2000,12.3,0.1016,71.3,0.0337792,122.218
6300,12.3,0.1016,55.5,0.0368233,110.124
2500,12.3,0.1016,55.5,0.0368233,117.054
3150,6.7,0.1016,71.3,0.00478288,124.458
800,12.3,0.1016,39.6,0.0408268,122.315
250,12.3,0.1016,39.6,0.0408268,129.675
2000,12.3,0.1016,31.7,0.0418756,110.447
2500,8.9,0.1016,71.3,0.0103088,123.623
10000,3.3,0.1016,39.6,0.00245138,115.321
800,15.6,0.1016,71.3,0.0437259,124.188
4000,8.9,0.1016,71.3,0.0103088,120.243
500,15.6,0.1016,71.3,0.0437259,130.638
200,15.6,0.1016,39.6,0.0528487,123.514
630,15.6,0.1016,39.6,0.0528487,118.084
2000,6.7,0.1016,71.3,0.00478288,134.568
630,3.3,0.1016,31.7,0.00251435,128.952
630,3.3,0.1016,39.6,0.00245138,127.251
1250,6.7,0.1016,31.7,0.00592927,129.256
400,8.9,0.1016,39.6,0.0124596,135.54
315,12.3,0.1016,55.5,0.0368233,135.674
6300,3.3,0.1016,31.7,0.00251435,120.702
6300,12.3,0.1016,71.3,0.0337792,113.958
315,6.7,0.1016,31.7,0.00592927,126.266
1250,8.9,0.1016,39.6,0.0124596,127.71
5000,12.3,0.1016,39.6,0.0408268,108.625
10000,3.3,0.1016,55.5,0.002211,115.659
315,12.3,0.1016,71.3,0.0337792,137.068
1600,6.7,0.1016,31.7,0.00592927,124.346
800,8.9,0.1016,39.6,0.0124596,130.94
2500,12.3,0.1016,31.7,0.0418756,110.317
3150,8.9,0.1016,71.3,0.0103088,123.263
3150,12.3,0.1016,71.3,0.0337792,120.798
800,3.3,0.1016,31.7,0.00251435,131.362
